"idsex","mmspcode","preycode","subunitarea","nafo","sumw","sumpreyunits"
"20120019F","1",187,"209","2J",4308.07402101895,350
"20120028M","1",187,"209","2J",4982.11360991678,378
"20123883M","1",187,"340","3K",4376.52239049753,225
"20130085F","1",187,"340","3K",4830.48870972559,210
